Score Type,VAE Style Transfer,VAE CF Style Transfer,LLM Zero Shot,LLM Few Shot
Mean TS Score,1.6697247706422018,1.4027777777777777,4.045871559633028,4.362385321100917
Mean CP Score,2.7522935779816513,2.944954128440367,4.577981651376147,4.715596330275229
Mean LQ Score,3.1422018348623855,3.2752293577981653,4.504587155963303,4.637614678899083
Mean TS Pos,1.607843137254902,1.3,4.166666666666667,4.637254901960785
Mean TS Neg,1.7241379310344827,1.4913793103448276,3.939655172413793,4.120689655172414
Mean CP Pos,2.9705882352941178,3.343137254901961,4.676470588235294,4.892156862745098
Mean CP Neg,2.560344827586207,2.5948275862068964,4.491379310344827,4.560344827586207
Mean LQ Pos,3.372549019607843,3.696078431372549,4.431372549019608,4.686274509803922
Mean LQ Neg,2.939655172413793,2.9051724137931036,4.568965517241379,4.594827586206897
